<annotation>
	<folder>images</folder>
	<filename>15.jpg</filename>
	<path>D:\Works\python-assorted-scripts\od\models\images\15.jpg</path>
	<source>
		<database>Unknown</database>
	</source>
	<size>
		<width>150</width>
		<height>139</height>
		<depth>3</depth>
	</size>
	<segmented>0</segmented>
	<object>
		<name>hanayo</name>
		<pose>Unspecified</pose>
		<truncated>0</truncated>
		<difficult>0</difficult>
		<bndbox>
			<xmin>94</xmin>
			<ymin>12</ymin>
			<xmax>130</xmax>
			<ymax>45</ymax>
		</bndbox>
	</object>
</annotation>
