<annotation>
	<folder>images</folder>
	<filename>16.jpg</filename>
	<path>D:\Works\python-assorted-scripts\od\models\images\16.jpg</path>
	<source>
		<database>Unknown</database>
	</source>
	<size>
		<width>93</width>
		<height>150</height>
		<depth>3</depth>
	</size>
	<segmented>0</segmented>
	<object>
		<name>hanayo</name>
		<pose>Unspecified</pose>
		<truncated>0</truncated>
		<difficult>0</difficult>
		<bndbox>
			<xmin>28</xmin>
			<ymin>25</ymin>
			<xmax>69</xmax>
			<ymax>62</ymax>
		</bndbox>
	</object>
</annotation>
