<annotation>
	<folder>images</folder>
	<filename>17.jpg</filename>
	<path>D:\Works\python-assorted-scripts\od\models\images\17.jpg</path>
	<source>
		<database>Unknown</database>
	</source>
	<size>
		<width>112</width>
		<height>150</height>
		<depth>3</depth>
	</size>
	<segmented>0</segmented>
	<object>
		<name>hanayo</name>
		<pose>Unspecified</pose>
		<truncated>0</truncated>
		<difficult>0</difficult>
		<bndbox>
			<xmin>18</xmin>
			<ymin>16</ymin>
			<xmax>55</xmax>
			<ymax>52</ymax>
		</bndbox>
	</object>
</annotation>
