<annotation>
	<folder>images</folder>
	<filename>36.jpg</filename>
	<path>D:\Works\python-assorted-scripts\od\models\images\36.jpg</path>
	<source>
		<database>Unknown</database>
	</source>
	<size>
		<width>111</width>
		<height>150</height>
		<depth>3</depth>
	</size>
	<segmented>0</segmented>
	<object>
		<name>hanayo</name>
		<pose>Unspecified</pose>
		<truncated>0</truncated>
		<difficult>0</difficult>
		<bndbox>
			<xmin>40</xmin>
			<ymin>13</ymin>
			<xmax>91</xmax>
			<ymax>58</ymax>
		</bndbox>
	</object>
</annotation>
