<annotation>
	<folder>images</folder>
	<filename>38.jpg</filename>
	<path>D:\Works\python-assorted-scripts\od\models\images\38.jpg</path>
	<source>
		<database>Unknown</database>
	</source>
	<size>
		<width>90</width>
		<height>150</height>
		<depth>3</depth>
	</size>
	<segmented>0</segmented>
	<object>
		<name>hanayo</name>
		<pose>Unspecified</pose>
		<truncated>1</truncated>
		<difficult>0</difficult>
		<bndbox>
			<xmin>38</xmin>
			<ymin>1</ymin>
			<xmax>85</xmax>
			<ymax>48</ymax>
		</bndbox>
	</object>
</annotation>
